<annotation>
	<folder>images</folder>
	<filename>bottle_25.jpg</filename>
	<path>/home/sandaru/tflite-custom-object-bookworm-main/images/bottle_25.jpg</path>
	<source>
		<database>Unknown</database>
	</source>
	<size>
		<width>640</width>
		<height>480</height>
		<depth>3</depth>
	</size>
	<segmented>0</segmented>
	<object>
		<name>bottle</name>
		<pose>Unspecified</pose>
		<truncated>0</truncated>
		<difficult>0</difficult>
		<bndbox>
			<xmin>327</xmin>
			<ymin>113</ymin>
			<xmax>410</xmax>
			<ymax>391</ymax>
		</bndbox>
	</object>
</annotation>
