<annotation>
	<folder>images</folder>
	<filename>bottle_13.jpg</filename>
	<path>/home/sandaru/tflite-custom-object-bookworm-main/images/bottle_13.jpg</path>
	<source>
		<database>Unknown</database>
	</source>
	<size>
		<width>640</width>
		<height>480</height>
		<depth>3</depth>
	</size>
	<segmented>0</segmented>
	<object>
		<name>bottle</name>
		<pose>Unspecified</pose>
		<truncated>0</truncated>
		<difficult>0</difficult>
		<bndbox>
			<xmin>227</xmin>
			<ymin>105</ymin>
			<xmax>313</xmax>
			<ymax>378</ymax>
		</bndbox>
	</object>
</annotation>
