<annotation>
	<folder>images</folder>
	<filename>mug_22.jpg</filename>
	<path>/home/sandaru/tflite-custom-object-bookworm-main/images/mug_22.jpg</path>
	<source>
		<database>Unknown</database>
	</source>
	<size>
		<width>640</width>
		<height>480</height>
		<depth>3</depth>
	</size>
	<segmented>0</segmented>
	<object>
		<name>mug</name>
		<pose>Unspecified</pose>
		<truncated>0</truncated>
		<difficult>0</difficult>
		<bndbox>
			<xmin>220</xmin>
			<ymin>199</ymin>
			<xmax>354</xmax>
			<ymax>322</ymax>
		</bndbox>
	</object>
</annotation>
