<annotation>
	<folder>images</folder>
	<filename>mug_4.jpg</filename>
	<path>/home/sandaru/tflite-custom-object-bookworm-main/images/mug_4.jpg</path>
	<source>
		<database>Unknown</database>
	</source>
	<size>
		<width>640</width>
		<height>480</height>
		<depth>3</depth>
	</size>
	<segmented>0</segmented>
	<object>
		<name>mug</name>
		<pose>Unspecified</pose>
		<truncated>0</truncated>
		<difficult>0</difficult>
		<bndbox>
			<xmin>221</xmin>
			<ymin>184</ymin>
			<xmax>357</xmax>
			<ymax>305</ymax>
		</bndbox>
	</object>
</annotation>
